# group\tEnglish\tGerman\tEnglish aliases (;)\tGerman aliases (;)
# Unit 1, pp. 185–190
unit1	middle school	Mittelschule; weiterführende Schule (Mittelstufe in den USA)
unit1	trainer	Trainer / Trainerin
unit1	safety	Sicherheit
unit1	bond	Bindung
unit1	to come easily to sb	jemandem leichtfallen	come easily to somebody;come easily to someone	jmdm. leichtfallen
unit1	influence	Einfluss
unit1	Norman	Normanne / Normannin; normannisch
unit1	pork	Schweinefleisch
unit1	beef	Rindfleisch
unit1	to mix	mixen; mischen; vermischen
unit1	future (adjective)	zukünftig	future
unit1	rural	ländlich
unit1	responsibility	Verantwortung
unit1	living	Lebensweise
unit1	to be grounded	Hausarrest haben
unit1	to taste	schmecken; probieren
unit1	hot (food)	scharf	hot
unit1	spectacular	spektakulär
unit1	pot	Topf
unit1	tasty	lecker; schmackhaft
unit1	dish	Gericht; Speise
unit1	vegetable	Gemüse
unit1	to seem	scheinen
unit1	certain	bestimmt; sicher; gewiss
unit1	recipe	Rezept
unit1	to drive	fahren
unit1	to put sth right	etwas richtigstellen	put something right;put right	etw. richtigstellen
unit1	understandable	verständlich
unit1	dream	Traum
unit1	extreme (adjective)	extrem; radikal; äußerst	extreme
unit1	comparable	vergleichbar
unit1	to develop	sich entwickeln; entwickeln
unit1	Saxon	Sachse / Sächsin; sächsisch
unit1	Anglo-Saxon	Angelsachse / Angelsächsin; angelsächsisch
unit1	to defeat	besiegen
unit1	meat	Fleisch
unit1	to remain	bleiben
unit1	Greek	Griechisch; griechisch; aus Griechenland
unit1	to have a point	nicht ganz Unrecht haben
unit1	to meet halfway	sich auf halbem Weg treffen
unit1	I don’t mind	Ich habe nichts dagegen; Mir macht es nichts aus	I do not mind	ich habe nichts dagegen;mir macht es nichts aus
unit1	this way	so; auf diese Weise
unit1	misunderstood	missverstanden
unit1	ear	Ohr
unit1	diving	Tauchen
unit1	argument	Argument
unit1	cage	Käfig
unit1	strict	streng; strikt
unit1	dress code	Kleiderordnung; Bekleidungsvorschriften
unit1	skin	Haut; Fell
unit1	to interrupt	unterbrechen
unit1	to convince	überzeugen
unit1	the most	am meisten	most
unit1	to be fed up with	sauer sein auf; die Nase voll haben von
unit1	to feel like	Lust haben auf; Lust haben zu
unit1	to trust	vertrauen
unit1	sneaker	Turnschuh
unit1	to dream	träumen
unit1	in-crowd	die Angesagten
unit1	either … or …	entweder … oder …	either or	entweder oder
unit1	far away	weit weg
unit1	to chill out	chillen
unit1	blond	blond
unit1	What’s going on?	Was ist los?; Was geht ab?	what is going on
unit1	shake	Shake; Milchshake
unit1	dance	Tanz; Tanzveranstaltung
unit1	to lend	leihen; verleihen	lend to
unit1	to go behind sb’s back	jemanden hintergehen	go behind somebody's back;go behind someone's back	jmdn. hintergehen
unit1	to worry sb	jemanden beunruhigen	worry somebody;worry someone	jmdn. beunruhigen
unit1	bay	Bucht
unit1	to come along	mitkommen
unit1	to suggest	vorschlagen
unit1	to pay attention to	beachten
unit1	to ignore	ignorieren; außer Acht lassen
unit1	pretty	hübsch
unit1	mommy	Mama; Mami; Mutti
unit1	to drop	fallen lassen
unit1	to afford	sich leisten
unit1	anger	Zorn; Wut
unit1	loyal	loyal; treu
unit1	to lie	lügen
unit1	to fit in	hineinpassen; sich einfügen
unit1	trust	Vertrauen
# Across cultures 1, pp. 190–191
ac1	still	Standbild
ac1	plate	Teller
ac1	mug	Becher
ac1	cup	Tasse
ac1	spoon	Löffel
ac1	knife	Messer
ac1	fork	Gabel
ac1	bread roll	Brötchen
ac1	marmalade	Marmelade aus Zitrusfrüchten
ac1	honey	Honig
ac1	muesli	Müsli
ac1	sausage	Wurst; Bratwurst
ac1	sugar	Zucker
ac1	experience	Erfahrung; Erlebnis
ac1	host family	Gastfamilie
ac1	exchange student	Austauschschüler / Austauschschülerin
ac1	type	Typ; Art; Sorte
ac1	to upset	aus der Fassung bringen; aufregen
ac1	impolite	unhöflich
ac1	this (before an adjective)	so	this
ac1	that (before an adjective)	so	that
ac1	to be used to	gewöhnt sein an; gewohnt sein
# Focus 1, pp. 191–193
focus1	usage	Gebrauch; Nutzung
focus1	what for	wozu
focus1	a day	pro Tag
focus1	content	Inhalt
focus1	communication	Kommunikation
focus1	digital	digital
focus1	cyber bullying	Cybermobbing	cyberbullying
focus1	psychological	psychologisch; psychisch
focus1	danger	Gefahr
focus1	psychologist	Psychologe / Psychologin
focus1	to warn	warnen
focus1	self-esteem	Selbstwertgefühl; Selbstachtung
focus1	according to	laut; gemäß
focus1	to be supposed to	etwas tun sollen	be supposed to do	tun sollen;sollen
focus1	mostly	meistens; größtenteils; hauptsächlich
focus1	direct	direkt
focus1	interaction	Interaktion
focus1	indirect	indirekt
focus1	to take a risk	ein Risiko eingehen
focus1	to keep up	aufrechterhalten
focus1	fake	falsch; gefälscht
focus1	identity	Identität
focus1	to face	gegenüberstehen; konfrontiert werden mit; anblicken; sich zuwenden
focus1	image	Bild; Image
focus1	especially	besonders; vor allem
focus1	anything	alles (Mögliche)		alles
focus1	behaviour	Verhalten; Benehmen; Betragen	behavior
focus1	permanent	permanent; dauerhaft
focus1	depression	Depression; Niedergeschlagenheit
focus1	suicide	Selbstmord; Suizid
focus1	vlog	Vlog; Videoblog
focus1	to design	entwerfen; gestalten
# Unit 2, pp. 194–199
unit2	guided tour	geführte Tour; Führung
unit2	lively	lebendig
unit2	tower	Turm
unit2	slate	Schiefer
unit2	coal	Kohle
unit2	dragon	Drache
unit2	interviewer	Interviewer / Interviewerin; Befrager / Befragerin
unit2	Briton	Brite / Britin
unit2	to control	kontrollieren; beherrschen; steuern
unit2	to conquer	erobern
unit2	backpack	Rucksack
unit2	since (a point in time)	seit; seitdem	since
unit2	for (a period of time)	seit	for
unit2	to last	dauern; andauern; anhalten
unit2	miner	Bergarbeiter / Bergarbeiterin
unit2	border	Grenze
unit2	comedy	Komödie; Comedy
unit2	gig	Auftritt; Gig
unit2	lead singer	Leadsänger / Leadsängerin; Frontsänger / Frontsängerin
unit2	choir	Chor
unit2	such	solch; solche
unit2	to roll one’s eyes	die Augen verdrehen	roll one's eyes;roll your eyes
unit2	Welsh rarebit	überbackenes Käsebrot
unit2	to apologise	sich entschuldigen	apologize
unit2	vegetarian	Vegetarier / Vegetarierin
unit2	all right	in Ordnung; alles klar	alright
unit2	to be tired of	es müde sein; es leid sein; es satt haben
unit2	to snap at sb	anfahren; anschnauzen	snap at somebody;snap at someone
unit2	What’s wrong?	Was ist los?; Was stimmt nicht?	what is wrong
unit2	to give sb a funny look	jemanden schief anschauen; jemanden komisch anschauen	give somebody a funny look;give someone a funny look	jmdn. schief anschauen;jmdn. komisch anschauen
unit2	stretcher	Tragbahre
unit2	to glare at	zornig anstarren
unit2	unkind	unfreundlich; gemein
unit2	to behave	sich benehmen; sich verhalten
unit2	funfair	Jahrmarkt
unit2	roast lamb	Lammbraten
unit2	underground	unter der Erde; unter die Erde
unit2	pit	Grube; Bergwerk
unit2	to contact	sich in Verbindung setzen; kontaktieren
unit2	persuasive	überzeugend
unit2	to persuade	überreden
unit2	particular	bestimmt
unit2	to attract	anziehen; auf sich ziehen
unit2	criterion	Kriterium; Merkmal	criteria
unit2	humour	Humor; Stimmung	humor
unit2	final	letzter; letzte; letztes
unit2	druid	Druide
unit2	to scare sb	jemandem Angst machen; jemanden erschrecken	scare somebody;scare someone	jmdm. Angst machen;jmdn. erschrecken
unit2	tongue twister	Zungenbrecher
unit2	so (referring back)	es; das	so
unit2	view	Aussicht; Blick
unit2	puffin	Papageientaucher
unit2	seal	Seehund; Robbe
unit2	kayaking	Kajakfahren
unit2	treat	Leckerei
unit2	the mainland	Festland	mainland
unit2	to work magic on	Zauber ausüben
unit2	category	Kategorie; Klasse
unit2	to rent out	vermieten
unit2	public holiday	gesetzlicher Feiertag
unit2	entrance	Eingang; Eintritt
unit2	empty	leer
unit2	hall	Halle; Saal
unit2	locked	abgeschlossen
unit2	pocket	Tasche; Hosentasche
unit2	signal	Signal; Empfang
unit2	thick	dick (nicht für Personen)		dick
unit2	perhaps	vielleicht
unit2	wounded	verwundet; verletzt
unit2	moonlight	Mondlicht
unit2	above	über; oberhalb von		oberhalb
unit2	stairs	Treppe
unit2	to see sb doing sth	jemanden etwas tun sehen	see somebody doing something;see someone doing something	jmdn. etw. tun sehen
unit2	to keep out of	draußen bleiben; draußen halten	keep out
unit2	cracking	knackend; brechend
unit2	to realise	erkennen; realisieren	realize
unit2	key ring	Schlüsselbund; Schlüsselanhänger
unit2	back	Rücken; Rückseite
unit2	rope	Seil
unit2	to hold onto	sich festhalten an	hold on to	festhalten an
unit2	crack	Knacken; Krachen
unit2	to scream	schreien; kreischen
unit2	wood	Holz
unit2	hard	fest; stark
unit2	to hear sb doing sth	jemanden etwas tun hören	hear somebody doing something;hear someone doing something	jmdn. etw. tun hören
unit2	definitely	bestimmt; definitiv; eindeutig
unit2	some	irgendein; irgendeine
unit2	newspaper	Zeitung
unit2	to interview	interviewen; befragen
unit2	to be trapped	eingeschlossen sein; in der Falle sitzen
unit2	to give up	aufgeben
unit2	prince	Prinz
unit2	blood	Blut
unit2	sword	Schwert
unit2	alive	lebend; am Leben; lebendig
unit2	grave	Grab
unit2	to return	zurückkehren; zurückfahren
unit2	actor	Schauspieler / Schauspielerin	actress
unit2	advert	Anzeige; Werbespot
unit2	director	Regisseur / Regisseurin
unit2	human	Mensch
# Text smart 1, pp. 199–201
text1	to deal with	sich befassen mit; umgehen mit
text1	FAQ	Liste mit häufig gestellten Fragen	frequently asked questions	FAQ;häufig gestellte Fragen
text1	news report	Tatsachenbericht; Nachrichtenbeitrag; Meldung
text1	entry	Eintrag
text1	reference article	Artikel in einem Nachschlagewerk
text1	to expect	erwarten
text1	headline	Schlagzeile
text1	hedgehog	Igel
text1	food (for animals)	Futter	food
text1	ill	krank
text1	wildlife	Tierwelt (in freier Wildbahn)		Tierwelt
text1	to feed	füttern; ernähren
text1	weight	Gewicht
text1	to release	freilassen
text1	to take care of	sich kümmern um; sorgen für
text1	to get lost	verloren gehen; sich verirren
text1	active	aktiv
text1	to avoid	vermeiden; meiden; aus dem Weg gehen
text1	run area	Gehege; Auslauf
text1	clean	sauber
text1	layer of	Schicht aus; Lage aus	layer	Schicht;Lage
text1	to soak up	aufsaugen
text1	to weigh	wiegen
text1	to be fearful of	Angst haben vor	be fearful
text1	set of instructions	Anleitung
text1	celebrity	Prominenter / Prominente; berühmte Person
text1	Australian	australisch; Australier / Australierin
text1	bush	Buschlandschaft; Wildnis		Busch
text1	firefighter	Feuerwehrmann / Feuerwehrfrau
text1	to rescue	retten
text1	flame	Flamme
text1	confused	verwirrt; konfus
text1	thirsty	durstig
text1	animal shelter	Tierheim
text1	elephant	Elefant
text1	to march	marschieren
text1	rhino	Rhinozeros; Nashorn	rhinoceros
text1	march	Marsch; Kundgebung
text1	tusk	Stoßzahn
text1	medicine	Medizin; Medikamente
text1	ivory	Elfenbein
text1	poaching	Wilderei
text1	to become extinct	aussterben
text1	within	innerhalb
text1	violent	gewaltsam; gewalttätig; brutal
text1	protest	Protest
text1	in power	an der Macht
text1	on the brink of	am Rande von; kurz vor
text1	extinction	Aussterben
# Across cultures 2, pp. 201–202
ac2	small talk	Smalltalk; Geplauder
ac2	to get on the bus	einsteigen in den Bus	get on	in den Bus einsteigen;einsteigen
ac2	to keep the ball bouncing	das Gespräch am Laufen halten
ac2	next door	von nebenan		nebenan
ac2	to bounce	springen; hüpfen; zurückwerfen
ac2	to check out	prüfen; abchecken; auschecken
ac2	Cheers!	Danke!	cheers	Danke
ac2	to catch (what sb says)	mitbekommen; mitkriegen	catch
ac2	atmosphere	Atmosphäre; Stimmung
ac2	relaxed	entspannt; locker; gelassen
ac2	awkward	peinlich; ungünstig; ungeschickt; unbeholfen
ac2	shy	schüchtern
ac2	stage direction	Regieanweisung
ac2	hint	Hinweis; Andeutung; Tipp
# Unit 3, pp. 202–207
unit3	smoky	verraucht; rauchig
unit3	heating	Heizung
unit3	belt	Gürtel
unit3	lord	Lord; Herr
unit3	monarch	Monarch / Monarchin
unit3	Tudor	Tudor
unit3	intelligent	intelligent; klug; vernünftig
unit3	as	als
unit3	to divorce	sich scheiden lassen von
unit3	Catholic	Katholik / Katholikin; katholisch
unit3	the Pope	der Papst	Pope	Papst
unit3	to marry	heiraten
unit3	era	Ära; Zeitalter
unit3	Spanish Armada	spanische Armada; spanische Kriegsflotte
unit3	colony	Kolonie
unit3	to serve	dienen; bedienen
unit3	court	Hof; Gericht; Gerichtshof
unit3	play	Theaterstück
unit3	back then	damals
unit3	Middle Ages	Mittelalter	the Middle Ages
unit3	comfortable	komfortabel; bequem
unit3	informal	informell; zwanglos
unit3	everyday	alltäglich
unit3	mirror	Spiegel
unit3	necklace	Halskette
unit3	sandal	Sandale
unit3	hairbrush	Haarbürste
unit3	Victorian	viktorianisch; Viktorianer / Viktorianerin
unit3	calendar	Kalender
unit3	generation	Generation
unit3	lifestyle	Lebensstil; Lifestyle
unit3	gadget	Gerät; technische Spielerei
unit3	they (general statement)	man	they
unit3	favourite	Favorit / Favoritin; Günstling	favorite
unit3	to panic	panisch werden
unit3	to change one’s mind	seine Meinung ändern	change one's mind;change your mind
unit3	potato	Kartoffel	potatoes
unit3	tobacco	Tabak
unit3	to play bowls	Bowling spielen
unit3	more and more	immer mehr
unit3	education	Erziehung; Bildung
unit3	to feel (an opinion)	meinen; das Gefühl haben	feel
unit3	reign	Herrschaft; Regierungszeit
unit3	to capture	ergreifen; gefangen nehmen
unit3	original (noun)	Original	original
unit3	to turn back	umkehren; zurückgehen
unit3	murder	Mord
unit3	guide	Führer / Führerin; Reiseführer
unit3	dirt	Schmutz; Dreck
unit3	pipe	Pfeife
unit3	electric	elektrisch
unit3	to pull down	abreißen
unit3	to come true	wahr werden; in Erfüllung gehen
unit3	last night	gestern Abend; gestern Nacht
unit3	to experience	erfahren; erleben
unit3	musical	musikalisch; Musik
unit3	biography	Biografie		Biographie
unit3	colonial	kolonial; Kolonial
unit3	entertainment	Unterhaltung
unit3	to reign	herrschen; regieren
unit3	description	Beschreibung
unit3	biographical	biografisch	biographic	biographisch
unit3	quill	Federkiel
unit3	bible	Bibel
unit3	as if	als ob
unit3	to be made of	bestehen aus
unit3	jewel	Juwel; Edelstein
unit3	weapon	Waffe
unit3	mystery	Mysterium; Rätsel; Geheimnis
unit3	photo shoot	Fotoshooting; Fotoaufnahmen
unit3	photographer	Fotograf / Fotografin
unit3	set (film)	Aufnahmeort; Drehort	set
unit3	to focus on	sich konzentrieren auf	focus
unit3	memory	Erinnerung; Gedächtnis
unit3	chaos	Chaos; Durcheinander
unit3	to mix up	vermischen; durcheinanderbringen
unit3	lady-in-waiting	Hofdame
unit3	not even	nicht einmal; noch nicht einmal
unit3	plaster cast	Gipsverband
unit3	fine	gut; schön
unit3	to zoom in on	heranzoomen auf	zoom in
unit3	shot	Aufnahme
unit3	nurse	Krankenschwester; Krankenpfleger
unit3	boot (car)	Kofferraum	boot
unit3	to drive off	wegfahren
unit3	out of focus	unscharf
unit3	to photobomb	ins Foto laufen
unit3	flash	Blitz; Lichtblitz
unit3	to edit out	herausschneiden
unit3	to crop a photo	ein Foto zurechtschneiden	crop	zurechtschneiden
unit3	to crash into	zusammenstoßen mit	crash	zusammenstoßen
unit3	ambulance	Krankenwagen
unit3	flashback	Rückblende; Flashback
# Text smart 2, pp. 207–209
text2	fiction	Erzählliteratur; Fiktion; Erfindung
text2	plot	Handlung
text2	series	Serie
text2	to identify with	sich identifizieren mit
text2	genre	Gattung
text2	love	Liebe
text2	graphic novel	Comicroman
text2	novel	Roman
text2	happy ending	Happy End
text2	death	Tod
text2	friendship	Freundschaft
text2	enemy	Feind / Feindin
text2	scenery	Landschaft
text2	setting	Schauplatz; Rahmen
text2	among	unter; inmitten
text2	distance	Distanz; Entfernung
text2	to disobey	nicht gehorchen; ungehorsam sein
text2	order	Befehl
text2	grass	Gras
text2	woods	Wald; Wäldchen
text2	to take a breath	Luft holen; Atem holen
text2	smoke	Rauch
text2	to lay down	hinlegen
text2	to remind sb of sth	jemanden an etwas erinnern	remind somebody of something;remind someone of something;remind	jmdn. an etw. erinnern;erinnern
text2	silent	still; ruhig; schweigsam; stumm
text2	shadow	Schatten
text2	to hook (a reader)	fesseln	hook
text2	exact	exakt; genau
text2	author	Autor / Autorin
text2	sharp	scharf; schneidend
text2	burial	Begräbnis; Beerdigung
text2	parade	Parade; Umzug
text2	to declare	erklären
text2	citizen	Bürger / Bürgerin
text2	float (parade)	Festzugswagen	float
text2	vintage car	Oldtimer
text2	celebration	Feier
text2	my fault	meine Schuld
text2	wig	Perücke
text2	inch	Zoll (Längenmaß)		Zoll
text2	suited	geeignet; passend
text2	bell	Glocke; Klingel
text2	to wave	winken; schwenken
text2	to approve	annehmen; zustimmen
text2	apart from	abgesehen von; außer
text2	bite	Biss; Stich; Bissen
text2	body (a dead person)	Leiche	body
text2	case	Fall
text2	to disappear	verschwinden
text2	clothing	Kleidung
text2	to drown	ertrinken; ertränken
text2	police officer	Polizeibeamter / Polizeibeamtin; Polizist / Polizistin
text2	to try out	ausprobieren
# Across cultures 3, p. 210
ac3	dos and don’ts	Ge- und Verbote; was man tun und was man nicht tun sollte	dos and don'ts	Gebote und Verbote
ac3	to litter	verschmutzen; verunreinigen; Müll herumliegen lassen
ac3	normally	normalerweise
ac3	custom	Gewohnheit; Brauch; Sitte
ac3	politeness	Höflichkeit
ac3	to spit	spucken
ac3	to shake hands	Hände schütteln; sich die Hand geben
ac3	to blow one’s nose	sich die Nase putzen	blow one's nose;blow your nose
ac3	punctual	pünktlich
# Focus 2, pp. 210–212
focus2	to settle	besiedeln; sich niederlassen
focus2	to worship	verehren; anbeten
focus2	Pilgrim	Pilger / Pilgerin
focus2	crowded	überfüllt
focus2	smell	Geruch; Duft; Gestank
focus2	seasick	seekrank
focus2	little (amount)	wenig	little
focus2	Master (historical address)	Herr (historische Anrede)	Master	Herr
focus2	to damage	beschädigen; schaden
focus2	to repair	reparieren
focus2	overboard	über Bord
focus2	on board	an Bord
focus2	Mistress (historical address)	Frau (historische Anrede)	Mistress	Frau
focus2	direction	Richtung
focus2	bag (a sack)	Sack	bag
focus2	to plant	pflanzen; anpflanzen
focus2	native	einheimisch; eingeboren
focus2	agreement	Abkommen; Vereinbarung
focus2	chief	Häuptling
focus2	Indian	Indianer / Indianerin; indianisch
focus2	to fish	Fische fangen; angeln
focus2	coat	Mantel
focus2	harvest	Ernte
focus2	feast	Festmahl
focus2	to shoot at	schießen auf	shoot	schießen
focus2	goose	Gans	geese
focus2	duck	Ente
focus2	gun	Schusswaffe
focus2	deer	Hirsch
focus2	council of elders	Ältestenrat
focus2	council	Rat; Ratsversammlung
focus2	to break away from	sich trennen von; sich lossagen von	break away
focus2	for (reason)	wegen	for
focus2	brick	Ziegel; Ziegelstein
focus2	blueberry	Blaubeere; Heidelbeere
focus2	maple syrup	Ahornsirup
focus2	diner	einfaches Restaurant mit Theke und Tischen
focus2	lobster	Hummer
focus2	seafood	Meeresfrüchte
focus2	sauce	Soße		Sosse
focus2	roast turkey	Putenbraten
focus2	stuffing	Füllung
focus2	sweet potatoes	Süßkartoffeln
focus2	dessert	Dessert; Nachspeise
focus2	professional	professionell
focus2	to stay in character	in der Rolle bleiben
# Unit 4, pp. 213–219
unit4	Pueblo	Bezeichnung für die im Südwesten der USA lebenden Ureinwohner
unit4	settlement	Siedlung
unit4	to be inhabited	bewohnt sein
unit4	adobe	Lehmziegel
unit4	speed	Geschwindigkeit
unit4	record	Rekord
unit4	miles per hour	Meilen pro Stunde	mph
unit4	kilometres per hour	Stundenkilometer	km/h;kilometers per hour
unit4	extreme (noun)	Extrem	extreme
unit4	cool (temperature)	kühl	cool
unit4	wide-open	weit und flach
unit4	cultural	kulturell
unit4	gigantic	gigantisch; riesig
unit4	climate	Klima
unit4	destruction	Zerstörung
unit4	civilization	Kultur; Zivilisation	civilisation
unit4	site	Ort; Gelände; Schauplatz
unit4	natural	natürlich; Natur
unit4	gym	Turnhalle; Fitnessstudio
unit4	tryout	Aufnahmetest für eine Mannschaft		Aufnahmetest
unit4	by (a deadline)	spätestens bis	by	bis
unit4	to try out for	am Auswahlverfahren teilnehmen
unit4	cheerleading	Cheerleading; Aktivitäten der Cheerleader
unit4	to get over sth	über etwas hinwegkommen; mit etwas fertigwerden	get over something;get over	über etw. hinwegkommen;mit etw. fertigwerden
unit4	to wish	sich wünschen		wünschen
unit4	scout (sport)	Talentsucher / Talentsucherin	scout
unit4	scholarship	Stipendium
unit4	to graduate	einen Schulabschluss machen; einen Hochschulabschluss machen; einen akademischen Grad erwerben
unit4	good luck	viel Glück		Glück
unit4	tonight	heute Abend; heute Nacht
unit4	to volunteer	sich freiwillig melden; eine ehrenamtliche Tätigkeit übernehmen
unit4	food bank	Tafel; Essensausgabe für sozial Schwächere
unit4	to make a team	sich für ein Team qualifizieren
unit4	to pack	packen; einpacken
unit4	career	Beruf; Laufbahn; Karriere
unit4	likely	wahrscheinlich
unit4	impossible	unmöglich
unit4	athlete	Sportler / Sportlerin
unit4	pro	Profi
unit4	to mean	meinen
unit4	heat	Hitze; Wärme
unit4	air-conditioning	Klimaanlage	air conditioning
unit4	to wonder	sich Gedanken machen; sich fragen
unit4	traffic	Verkehr
unit4	power (electricity)	Strom; Elektrizität; Energie	power
unit4	even though	auch wenn; obwohl
unit4	running water	fließendes Wasser
unit4	straw	Stroh
unit4	sacred	heilig
unit4	saguaro	Saguaro
unit4	venomous	giftig
unit4	lizard	Echse; Eidechse
unit4	tarantula	Tarantel (Spinnenart)		Tarantel
unit4	scorpion	Skorpion
unit4	rattlesnake	Klapperschlange
unit4	venom	Gift
unit4	spicy	würzig; pikant
unit4	at one’s own risk	auf eigene Gefahr	at one's own risk;at your own risk
unit4	however	jedoch
unit4	focus	Blickpunkt; Schwerpunkt; Fokus
unit4	flavor	Geschmack; Aroma	flavour
unit4	onion	Zwiebel
unit4	dentist	Zahnarzt / Zahnärztin
unit4	bank	Bank (Geldinstitut)		Bank
unit4	conflict	Konflikt; Auseinandersetzung
unit4	quite	ziemlich; ganz; völlig
unit4	law	Gesetz; Recht
unit4	to threaten	drohen; bedrohen
unit4	to accuse sb of sth	beschuldigen; anklagen	accuse somebody of something;accuse someone of something;accuse
unit4	to contradict	widersprechen
unit4	to take revenge	sich rächen		rächen
unit4	to fascinate	faszinieren
unit4	documentary	Dokumentarfilm; Dokumentation; Dokumentar
unit4	production	Produktion; Inszenierung
unit4	Italian	Italiener / Italienerin; italienisch; Italienisch; aus Italien
unit4	anniversary	Jubiläum; Jahrestag
unit4	controversial	umstritten; kontrovers
unit4	disease	Krankheit
unit4	independence	Unabhängigkeit
unit4	therefore	deshalb; deswegen; daher; somit
unit4	people (a nation)	Volk	people
unit4	arrival	Ankunft
unit4	specific	spezifisch; speziell
unit4	neutral	neutral
unit4	guidebook	Reiseführer (Buch)		Reiseführer
unit4	to publish	veröffentlichen; publizieren; verlegen
unit4	private	privat
unit4	to shop	einkaufen; shoppen
unit4	narrow	eng; schmal
unit4	opening	Öffnung; Beginn
unit4	soft	weich; sanft
unit4	cathedral	Kathedrale
unit4	to treat	behandeln
unit4	off	weg; ab; herunter
unit4	to fill up	sich füllen		füllen
unit4	to scratch	kratzen; kritzeln
unit4	a while	eine Weile
unit4	raindrop	Regentropfen
unit4	out of breath	außer Atem
unit4	glad	froh
unit4	thunderstorm	Gewitter
unit4	flash flood	Sturzflut
unit4	headband	Stirnband
unit4	weak	schwach
unit4	to hold on	durchhalten
unit4	buffalo	Büffel
unit4	to step	treten; steigen
# Supplementary word banks. German translations supplemented where absent.
extras1	to become	werden
extras1	to get (a change of state)	werden	get
extras1	to go (a change of state)	werden	go
extras1	to grow (a change of state)	werden	grow
extras1	to turn (a change of state)	werden	turn
extras1	to get ready	sich bereit machen
extras1	to get scared	Angst bekommen
extras1	to get well	gesund werden
extras1	to go wrong	schiefgehen
extras1	to turn sour	sauer werden; schlecht werden; umschlagen
extras1	extinct	ausgestorben
extras1	angry	wütend; zornig
extras1	clear	klar
extras1	difficult	schwierig
extras1	great	großartig
extras1	independent	unabhängig
extras1	large	groß
extras1	necessary	notwendig
extras1	popular	beliebt
extras1	possible	möglich
extras1	quiet	ruhig; leise
extras1	easy	einfach; leicht
extras1	fit	fit; in Form
extras1	hurt	verletzt
extras1	ready	bereit; fertig
extras1	real	echt; wirklich
extras1	scared	ängstlich; verängstigt
extras1	tired	müde
extras1	well (health)	gesund	well
extras1	bad	schlecht
extras1	black	schwarz
extras1	green	grün
extras1	red	rot
extras1	wrong	falsch
extras1	old	alt
extras1	fifteen	fünfzehn
extras1	bitter	bitter
extras1	sour	sauer
extras1	cloud	Wolke
extras1	cloudy	bewölkt; wolkig
extras1	day	Tag
extras1	daily	täglich
extras1	friend	Freund / Freundin
extras1	friendly	freundlich
extras1	fun	Spaß
extras1	funny	lustig; komisch
extras1	health	Gesundheit
extras1	healthy	gesund
extras1	mud	Schlamm
extras1	muddy	schlammig
extras1	centre	Zentrum; Mitte	center
extras1	central	zentral
extras1	history	Geschichte
extras1	historical	historisch
extras1	music	Musik
extras1	person	Person
extras1	personal	persönlich
extras1	tradition	Tradition
extras1	traditional	traditionell
extras1	excitement	Aufregung; Begeisterung
extras1	exciting	aufregend; spannend
extras1	interest	Interesse
extras1	interesting	interessant
extras1	surprise	Überraschung
extras1	surprising	überraschend
extras1	colour	Farbe	color
extras1	colourful	bunt; farbenfroh	colorful
extras1	colourless	farblos	colorless
extras1	help	Hilfe
extras1	helpless	hilflos
extras1	helpful	hilfreich
extras1	hope	Hoffnung
extras1	hopeful	hoffnungsvoll
extras1	hopeless	hoffnungslos
extras1	power	Macht; Kraft
extras1	powerful	mächtig; kraftvoll
extras1	powerless	machtlos; kraftlos
extras1	success	Erfolg
extras1	unsuccessful	erfolglos
extras1	competition	Wettbewerb
extras1	competitive	wettbewerbsorientiert; konkurrenzfähig
extras1	crowd	Menschenmenge
extras1	dangerous	gefährlich
extras1	difference	Unterschied
extras1	different	anders; verschieden
extras1	freedom	Freiheit
extras1	free	frei
extras1	possibility	Möglichkeit
extras1	vegetarian (adjective)	vegetarisch	vegetarian
extras1	wooden	aus Holz; hölzern
extras1	answer	Antwort
extras1	to answer	antworten
extras1	change	Veränderung; Änderung
extras1	to change	ändern; verändern
extras1	compromise	Kompromiss
extras1	to dance	tanzen
extras1	drink	Getränk
extras1	to drink	trinken
extras1	drive	Fahrt
extras1	e-mail	E-Mail	email
extras1	to e-mail	eine E-Mail schreiben	email
extras1	end	Ende
extras1	to end	enden; beenden
extras1	exchange	Austausch
extras1	to exchange	austauschen
extras1	film	Film
extras1	to film	filmen
extras1	fight	Kampf; Streit
extras1	to fight	kämpfen; streiten
extras1	to guide	führen
extras1	to help	helfen
extras1	to hope	hoffen
extras1	to interest	interessieren
extras1	interview	Interview; Befragung
extras1	joke	Witz
extras1	to joke	scherzen; Witze machen
extras1	judge	Richter / Richterin
extras1	land	Land
extras1	to land	landen
extras1	link	Verbindung; Link
extras1	to link	verbinden; verknüpfen
extras1	look	Blick
extras1	to look	schauen; blicken
extras1	to love	lieben
extras1	name	Name
extras1	to name	benennen; nennen
extras1	plan	Plan
extras1	to plan	planen
extras1	plant	Pflanze
extras1	rain	Regen
extras1	to rain	regnen
extras1	reply	Antwort; Erwiderung
extras1	to reply	antworten; erwidern
extras1	rescue	Rettung
extras1	run	Lauf
extras1	to run	laufen; rennen
extras1	search	Suche
extras1	to search	suchen
extras1	show	Show; Vorstellung
extras1	to show	zeigen
extras1	smile	Lächeln
extras1	to smile	lächeln
extras1	to surprise	überraschen
extras1	talk	Gespräch
extras1	to talk	sprechen; reden
extras1	taste	Geschmack
extras1	test	Test
extras1	to test	testen; prüfen
extras1	travel	Reise; Reisen
extras1	to travel	reisen
extras1	use	Gebrauch; Verwendung
extras1	to use	benutzen; verwenden
extras1	visit	Besuch
extras1	to visit	besuchen
extras1	walk	Spaziergang
extras1	to walk	gehen; spazieren gehen
extras1	to waste	verschwenden
extras1	print media	Printmedien
extras1	to read	lesen
extras1	to prefer	bevorzugen
extras1	to be interested in	interessiert sein an; sich interessieren für
extras1	book	Buch
extras1	comic	Comic
extras1	magazine	Zeitschrift
extras1	fact	Tatsache; Fakt
extras1	background information	Hintergrundinformationen
extras1	local news	lokale Nachrichten
extras1	celebrity news	Nachrichten über Prominente
extras1	review	Rezension; Kritik
extras1	TV	Fernsehen	television
extras1	to watch	anschauen; ansehen
extras1	the news	die Nachrichten	news	Nachrichten
extras1	radio	Radio
extras1	to listen to	zuhören; anhören
extras1	talk show	Talkshow
extras1	radio play	Hörspiel
extras1	online media	Onlinemedien
extras1	music video	Musikvideo
extras1	video clip	Videoclip
extras1	instructional video	Anleitungsvideo; Erklärvideo
extras1	podcast	Podcast
extras1	to follow	folgen
extras1	blogger	Blogger / Bloggerin
extras1	vlogger	Vlogger / Vloggerin
extras1	to write	schreiben
extras1	to make	machen
extras1	to create	erstellen; erschaffen
extras1	blog	Blog
extras1	post	Beitrag; Post
extras1	to look for	suchen nach
extras1	advice	Rat; Ratschlag
extras1	social media	soziale Medien
extras1	to communicate	kommunizieren
extras1	to build up	aufbauen
extras1	relationship	Beziehung
extras1	to share	teilen
# Typically Welsh and small-talk word banks
extras2	the Welsh dragon	der walisische Drache	Welsh dragon	walisischer Drache
extras2	Welsh castle	walisische Burg
extras2	sheep	Schaf; Schafe
extras2	coal mining	Kohlebergbau
extras2	rugby	Rugby
extras2	Welsh	Walisisch; walisisch
extras2	leek	Lauch; Porree	leeks
extras2	daffodil	Narzisse; Osterglocke	daffodils
extras2	African	afrikanisch; Afrikaner / Afrikanerin
extras2	American	amerikanisch; Amerikaner / Amerikanerin
extras2	Cuban	kubanisch; Kubaner / Kubanerin
extras2	English	Englisch; englisch
extras2	German	Deutsch; deutsch; Deutscher / Deutsche
extras2	classic	Klassiker; klassisch
extras2	small-talk skills	Smalltalk-Fähigkeiten
extras2	free-time activities	Freizeitaktivitäten
extras2	hyphen	Bindestrich
# Silent letters and talking about history, pp. 204–206
extras3	autumn	Herbst
extras3	business	Geschäft; Unternehmen
extras3	castle	Burg; Schloss
extras3	to climb	klettern
extras3	could	konnte; könnte
extras3	dialogue	Dialog
extras3	honest	ehrlich
extras3	island	Insel
extras3	knight	Ritter
extras3	to listen	zuhören
extras3	scissors	Schere
extras3	thumb	Daumen
extras3	empire	Reich; Kaiserreich
extras3	monarchy	Monarchie
extras3	kingdom	Königreich
extras3	democracy	Demokratie
extras3	army	Armee
extras3	war	Krieg
extras3	peace	Frieden
extras3	to be born	geboren werden
extras3	to be famous for	berühmt sein für
extras3	to invent	erfinden
extras3	to rule	regieren; herrschen
extras3	to invade	einmarschieren
extras3	to colonise	kolonisieren; besiedeln	colonize
extras3	emperor	Kaiser
extras3	empress	Kaiserin
extras3	king	König
extras3	queen	Königin
extras3	nobleman	Adeliger
extras3	noblewoman	Adelige
extras3	lady	Dame
extras3	servant	Bediensteter / Bedienstete
extras3	peasant	Kleinbauer / Kleinbäuerin
extras3	in the 16th century	im sechzehnten Jahrhundert	in the sixteenth century	im 16. Jahrhundert
extras3	in the Elizabethan Age	im elisabethanischen Zeitalter	in the Elizabethan period;in the Elizabethan era
extras3	in the Victorian Age	im viktorianischen Zeitalter	in the Victorian period;in the Victorian era
extras3	under Spanish rule	unter spanischer Herrschaft
extras3	during the reign of Queen Victoria	unter der Herrschaft Königin Victorias
# New England and thanksgiving word banks
extras3	peaceful	friedlich
extras3	fall colors	Herbstfarben	fall colours;autumn colours
extras3	port	Hafen
extras3	harbor	Hafen	harbour
extras3	university	Universität
extras3	lighthouse	Leuchtturm
extras3	architecture	Architektur
extras3	early colonial history	frühe Kolonialgeschichte
extras3	Cape Cod landscape	Landschaft von Cape Cod
# School words and introductory verbs, pp. 214–217
extras4	Birmingham	Birmingham
extras4	Edinburgh	Edinburgh
extras4	Greenwich	Greenwich
extras4	Phoenix	Phoenix
extras4	Tucson	Tucson
extras4	Wednesday	Mittwoch
extras4	elementary school	Grundschule
extras4	primary school	Grundschule
extras4	junior high school	weiterführende Schule (Mittelstufe in den USA)
extras4	high school	weiterführende Schule (Oberstufe in den USA)
extras4	secondary school	weiterführende Schule (Oberstufe in den USA)
extras4	comprehensive school	Gesamtschule
extras4	grammar school	Gymnasium
extras4	sixth grade	sechste Klassenstufe	6th grade	6. Klassenstufe;sechste Klasse
extras4	Year 6	sechste Klassenstufe		6. Klassenstufe;sechste Klasse
extras4	sixth form	Oberstufe im Vereinigten Königreich	6th form	Oberstufe im UK
extras4	mark	Note
extras4	timetable	Stundenplan
extras4	schedule	Stundenplan
extras4	to study for a test	für eine Klassenarbeit lernen
extras4	to learn by heart	auswendig lernen
extras4	to learn	lernen
extras4	to take a test	an einem Test teilnehmen
extras4	to pass a test	einen Test bestehen
extras4	to fail a test	einen Test nicht bestehen
extras4	to apply for a scholarship	sich um ein Stipendium bewerben
extras4	to say	sagen
extras4	to tell sb	jemandem sagen	tell somebody;tell someone	jmdm. sagen
extras4	to inform sb	jemanden informieren	inform somebody;inform someone	jmdn. informieren
extras4	to boom (voice)	dröhnen; donnern	boom
extras4	to cry	weinen; rufen
extras4	to shout	rufen; schreien
extras4	to whisper	flüstern
extras4	to agree	zustimmen
extras4	to explain	erklären
extras4	to promise	versprechen
extras4	to think	denken
extras4	to believe	glauben
extras4	to feel	fühlen
extras4	to know	wissen; kennen
